status;user alias;expiration date;not before;serial number;key usage;subject distinguished name;subject alternative name;subject key identifier;fingerprint sha256;fingerprint sha1;comment;
V;ROOT;2043-01-01 12:00:00+00:00;2023-01-01 12:00:00+00:00;5BEF126940055DC7;Certificate Sign, CRL Sign;C = US, O = ROOT S/MIME CA, CN = S/MIME CA;;94:F2:B1:28:17:0B:1E:9F:E0:97:BD:39:78:6B:2D:03:64:5F:81:40:2E:81:37:0D:CE:4A:0E:23:8F:E7:66:75;7A:39:B8:8E:80:41:8A:B2:5D:7A:AD:16:BD:28:D8:09:D5:27:87:B4:44:19:94:E5:13:98:D5:96:D9:2D:42:FA;7D:2F:B3:1B:DA:6E:DB:C1:E7:ED:A7:E8:08:00:52:EA:CC:BB:1C:DD;;
V;Audrey_S;2026-03-31 12:00:00+00:00;2023-01-01 12:00:00+00:00;688777D475332727;Digital Signature;CN = Audrey Warne, GN = Audrey, SN = Warne, C = US;email:warne@example.com;64:0F:A7:46:DF:FA:5B:67:9A:BD:4E:99:07:44:A0:F8:35:2A:1F:D1:CE:CD:DB:1B:BF:94:BA:99:53:9C:54:AF;3B:44:12:65:2C:03:AC:6F:23:19:91:88:07:4B:D4:FE:9A:54:01:7F:C8:E1:99:3B:64:ED:27:40:BC:17:33:35;10:73:F4:7E:2A:08:BF:F0:43:C8:7B:67:C1:2C:3C:38:92:E5:49:63;;
V;Audrey_E;2026-03-31 12:00:00+00:00;2023-01-01 12:00:00+00:00;219CF41A09F17B2E;Key Agreement;CN = Audrey Warne, GN = Audrey, SN = Warne, C = US;email:warne@example.com;D8:78:25:B4:49:1F:27:A4:FC:B2:DA:CB:45:D7:64:6E:47:19:B0:AB:65:81:9A:54:4D:8A:E3:55:7D:E7:1F:05;C6:70:47:A0:15:8E:5F:59:DB:69:B2:A1:55:70:45:34:DF:AA:3B:D5:CF:5A:C4:E6:F9:D5:34:91:8E:CC:0D:5E;86:10:3D:62:65:5A:DD:DE:99:56:07:B8:FB:14:D2:DF:11:32:05:B7;;
V;Jack;2026-05-01 16:00:01+00:00;2023-02-01 16:00:01+00:00;4BEC5749281B99EB;Digital Signature, Key Encipherment;CN = Jack Wadlow, GN = Jack, SN = Wadlow, C = US;email:wadlow@example.com;ED:E9:65:9C:41:6E:F3:90:29:54:50:DA:BD:88:ED:68:EC:48:A4:50:8E:80:CB:94:38:BB:57:BC:EC:38:B0:A8;7C:FB:8D:0B:14:55:F9:39:F9:40:D3:30:EB:BF:17:D3:11:89:8F:2E:14:57:81:36:A5:6B:7C:1F:68:89:20:58;D4:A8:DD:19:0F:9E:37:68:39:A1:81:17:AE:F9:9C:B8:AB:51:EB:C6;;
V;Juliet;2026-07-02 18:00:00+00:00;2023-04-04 18:00:00+00:00;11CE681A5F53F73D;Digital Signature, Key Encipherment;CN = Juliet Upshaw, GN = Juliet, SN = Upshaw, C = US;email:upshaw@example.com;51:BC:81:B0:E6:B8:D6:F1:20:38:4E:17:74:C2:13:45:38:B1:8B:55:50:2C:A8:38:37:41:E1:32:DD:B0:09:3D;65:64:54:CF:D0:AB:B5:1C:7A:0B:CD:F7:E3:52:67:85:4C:F9:17:09:34:EC:69:62:B0:B0:88:2D:36:8F:DD:03;5C:7F:9E:02:73:94:EA:00:3B:AF:E3:D1:95:77:7B:C4:9C:8E:53:EB;;
V;Lily;2026-10-04 13:00:00+00:00;2023-07-07 13:00:00+00:00;10940C8819733280;Digital Signature, Key Encipherment;CN = Lily Twelvetrees, GN = Lily, SN = Twelvetrees, C = US;email:twelvetrees@example.com;52:33:BA:83:B8:B2:F9:83:31:68:EE:30:BA:25:CC:BF:7A:1A:D5:5C:02:3E:56:E0:D9:64:6F:1B:6B:3B:8C:1A;C9:84:C0:A8:70:35:9B:95:94:58:C2:B4:22:11:F3:09:FC:9E:46:2A:AE:17:E2:07:05:94:44:CA:E9:93:6C:19;B1:FD:36:AC:57:CB:14:EC:4D:2D:1B:FD:81:E5:0E:B7:88:FE:1B:F3;;
V;Strevens;2026-10-30 17:00:00+00:00;2023-08-02 17:00:00+00:00;4CD7E69679A26ED3;Digital Signature, Key Encipherment;CN = Emmett Strevens, GN = Emmett, SN = Strevens, C = US;email:strevens@example.com;70:34:D2:BE:29:36:DE:39:1A:30:36:05:55:F6:90:89:CE:4A:D2:54:A2:A1:9E:71:7C:92:C7:CA:58:FA:F2:62;54:BF:13:F2:86:5C:8D:5D:8F:DA:04:C9:04:40:58:3F:DB:EB:62:3F:39:6F:B3:A7:8A:04:8E:11:A9:9A:79:D2;CC:EE:58:47:A8:75:1F:A4:3B:09:23:45:3B:17:05:F7:F7:AC:04:81;;
V;Satterly;2026-12-10 11:00:00+00:00;2023-09-12 11:00:00+00:00;6B090DF11B146E2F;Digital Signature, Key Encipherment;CN = Miles Satterly, GN = Miles, SN = Satterly, C = US;email:satterly@example.com;2D:FF:33:A4:DF:4E:2A:AC:62:8C:D3:41:0F:82:22:4E:C1:3D:EE:81:62:3B:0E:ED:6E:5C:5D:74:F2:CE:51:C4;3C:B3:33:B0:8A:B7:16:92:DE:EE:CE:7E:3E:CC:98:89:19:91:C7:0F:EE:32:98:09:E7:7E:5E:7A:10:68:01:EA;D6:32:34:38:6E:CE:16:A0:C5:1F:39:FA:EF:D3:9C:F6:37:12:99:E6;;
V;Redmayne_E;2027-01-16 12:00:01+00:00;2023-10-19 12:00:01+00:00;44886BC8959580C7;Key Encipherment;CN = Olive Redmayne, GN = Olive, SN = Redmayne, C = US;email:redmayne@example.com;95:3D:8D:62:2F:B5:D3:BF:3D:53:E7:13:FA:7F:D0:4F:00:15:89:57:A9:90:D3:D4:13:2C:13:C4:77:40:2C:5D;58:BB:88:3D:70:04:DD:4D:C9:53:2B:26:D2:4C:9C:E5:87:A0:C7:E4:BD:F8:9B:CD:A4:58:0E:C2:EE:C5:2A:50;C2:21:8A:35:E2:37:9E:16:6B:4A:61:C8:C8:86:9F:BB:E9:70:CB:8F;;
V;Redmayne_S;2027-01-16 12:00:01+00:00;2023-10-19 12:00:01+00:00;24C00A0100D6D12F;Digital Signature;CN = Olive Redmayne, GN = Olive, SN = Redmayne, C = US;email:redmayne@example.com;84:12:AA:53:3A:A0:5E:96:AA:E7:86:A4:E6:A6:3B:9F:65:6E:F7:0C:A7:4A:F7:D8:6F:CD:BE:50:8A:AF:65:B5;DC:FE:D2:AE:27:B4:08:77:A1:1F:4D:A4:3C:EF:E2:E9:86:2F:7F:2B:1E:D8:50:E7:E6:72:87:2B:E7:B0:E7:D0;06:1C:6C:E6:5E:78:2A:30:90:FB:3C:74:57:35:6A:41:40:68:EB:0D;;
V;Pittard_S;2027-03-11 11:00:01+00:00;2023-12-12 11:00:01+00:00;5041E293A338B3EA;Digital Signature;CN = Edward Pittard, GN = Edward, SN = Pittard, C = US;email:pittard@example.com;9A:36:16:84:68:7B:0F:D4:69:45:6E:BD:FE:F9:9A:2C:5A:F3:E4:99:A3:83:97:4B:B8:A6:71:8A:BB:77:2F:20;2F:D1:D7:23:B4:83:BC:24:97:87:D6:4B:0F:73:6A:67:2C:97:E2:4F:00:A0:62:31:7D:ED:56:1F:4F:24:0D:5F;95:BA:07:1B:8D:2F:55:1C:E7:71:03:60:B5:47:4B:27:CA:50:10:7A;;
V;Pittard_E;2027-03-11 11:00:01+00:00;2023-12-12 11:00:01+00:00;2E263A82A23268F1;Key Encipherment;CN = Edward Pittard, GN = Edward, SN = Pittard, C = US;email:pittard@example.com;21:8C:2B:EB:AA:65:98:82:3F:A3:2A:0B:68:3E:EB:FC:D6:E8:DA:79:1B:33:39:2E:2F:42:D1:37:E8:A7:DD:1A;0E:7D:87:0E:BA:11:72:D5:02:9C:61:AB:7F:36:10:E5:3F:2D:F0:5B:0B:68:2D:8F:2A:FB:A8:69:28:0A:80:FF;98:A0:9A:2E:38:58:AB:FF:8C:A2:B0:86:73:EA:98:D3:54:7B:A7:50;;
V;Rainforth_E;2027-08-14 20:00:00+00:00;2024-05-16 20:00:00+00:00;663F4862EA78AE41;Key Agreement;CN = Ella Rainforth, GN = Ella, SN = Rainforth, C = US;email:rainforth@example.com, email:ella.rainforth@example.com;47:B3:5D:00:9C:41:3C:EF:C0:69:56:9C:A3:E8:5D:B4:E6:32:F7:D1:0E:B6:11:F1:1E:5C:C9:7F:60:64:D5:EE;D2:39:9F:A7:29:FA:FC:CD:99:4A:8C:ED:35:55:F5:50:3E:D2:4E:85:04:40:B8:03:6B:CB:AA:E3:DB:BC:53:7C;9D:D1:4B:CF:36:20:C1:93:EA:01:BF:81:9B:30:14:54:54:49:E7:77;;
V;Rainforth_S;2027-08-14 20:00:00+00:00;2024-05-16 20:00:00+00:00;650FE590C840DA8C;Digital Signature;CN = Ella Rainforth, GN = Ella, SN = Rainforth, C = US;email:rainforth@example.com, email:ella.rainforth@example.com;54:0C:CA:7C:20:77:15:E5:B6:4F:CC:7C:0B:A4:21:E4:2B:09:43:31:62:13:4E:64:EC:14:9E:3A:7F:71:33:FC;0D:E9:C1:69:BE:99:59:07:BA:3A:84:04:DA:77:D2:DC:FB:66:F6:32:43:B7:D7:A0:C8:93:49:EF:A1:D3:11:18;14:14:5D:B0:1D:03:31:3A:A9:3B:2D:FC:D2:F8:D3:B7:D5:B7:FB:A6;;
V;Quelch_S;2027-10-08 11:00:00+00:00;2024-07-10 11:00:00+00:00;5CB6E061783676EB;Digital Signature;CN = Alice Quelch, GN = Alice, SN = Quelch, C = US;email:quelch@example.com, email:alice.quelch@example.com;FB:01:4D:49:DC:0A:26:16:94:4C:04:23:75:AB:2F:E0:4A:7B:31:66:F1:E0:31:D5:26:1B:AB:03:A2:54:19:CC;A9:66:2A:7C:F9:A7:47:B5:69:61:0E:0A:88:CE:21:67:E5:09:52:6B:D4:34:F7:96:B6:F0:04:4D:EA:7C:F3:AE;BA:BC:8D:0C:A2:A5:42:10:F8:22:A6:AC:60:66:7E:90:E7:86:0C:2C;;
V;Quelch_E;2027-10-08 11:00:00+00:00;2024-07-10 11:00:00+00:00;6A392EA5D01E8037;Key Agreement;CN = Alice Quelch, GN = Alice, SN = Quelch, C = US;email:quelch@example.com, email:alice.quelch@example.com;A1:8A:01:0B:BC:3E:DB:4A:D1:1A:29:B5:C4:27:A4:34:EE:74:88:D2:E6:91:72:F8:FF:3F:B3:5B:B0:07:55:E1;D9:EA:62:F5:01:2C:2E:61:56:15:1E:C2:CD:5B:4D:24:4F:48:BB:7E:84:6F:EB:87:9C:AE:94:C9:3E:F2:B3:C0;66:29:EC:90:71:21:9E:CC:94:4C:66:D1:7E:33:0D:DC:15:3B:38:FB;;
V;Proudfoot_E;2027-11-02 10:00:00+00:00;2024-08-04 10:00:00+00:00;2A2A04192D6AC38A;Key Agreement;CN = Tom Proudfoot, GN = Tom, SN = Proudfoot, C = US;email:proudfoot@example.com, email:tom.proudfoot@example.com;DF:C2:39:79:EB:46:72:7B:2D:D0:5E:C8:00:BC:DC:2F:E5:C4:8C:B4:C7:4A:01:B4:65:52:EC:06:6C:EA:67:76;96:48:11:F5:63:73:F3:E9:E1:13:AF:3A:D0:C0:9E:92:36:95:FA:88:76:2F:40:A8:BA:0A:B4:FA:43:D1:31:77;61:16:08:E9:AA:39:20:92:A7:E8:2F:61:2D:E2:C6:05:7D:69:11:9C;;
V;Proudfoot_S;2027-11-02 10:00:00+00:00;2024-08-04 10:00:00+00:00;7044E3E70BD36BEC;Digital Signature;CN = Tom Proudfoot, GN = Tom, SN = Proudfoot, C = US;email:proudfoot@example.com, email:tom.proudfoot@example.com;47:86:6B:69:97:7E:EC:C6:6C:F5:15:30:DE:C2:5C:79:CF:08:29:2C:97:85:EC:E7:27:52:8A:72:1A:80:A0:49;12:DB:1C:6E:73:5B:AC:BB:79:DC:62:E1:61:B9:61:37:99:3E:98:C2:6C:F1:67:D5:E1:8D:09:41:DE:59:1A:45;A5:68:29:77:9B:6D:84:C8:66:69:CE:F9:DD:D7:45:92:E9:2E:8B:6C;;
V;Ottley_S;2028-02-07 11:00:00+00:00;2024-11-09 11:00:00+00:00;7413FCD93A8F061E;Digital Signature;CN = Kendall Ottley, GN = Kendall, SN = Ottley, C = US;email:ottley@example.com, email:kendall.ottley@example.com;A0:DC:B8:44:4F:5A:17:BC:74:42:D3:2C:A6:F6:9A:9E:E6:F5:0B:C2:E2:E4:F4:4C:7A:57:0C:EA:60:2C:70:C0;E8:D1:4F:B6:F5:47:13:4D:A4:3C:43:EF:35:3D:99:EA:32:E8:B1:A3:18:29:3F:71:3D:53:00:49:CC:E0:9D:DD;A7:D6:BC:91:C2:BE:E1:9E:F6:AC:83:05:0C:F9:B0:53:5A:EE:79:8D;;
V;Ottley_E;2028-02-07 11:00:00+00:00;2024-11-09 11:00:00+00:00;3B8972B599D87657;Key Agreement;CN = Kendall Ottley, GN = Kendall, SN = Ottley, C = US;email:ottley@example.com, email:kendall.ottley@example.com;33:2C:FE:08:91:D1:61:EF:26:D9:D6:3B:47:5C:87:FF:C9:2F:BC:DB:F7:CD:2F:79:8B:3A:16:F5:06:8D:F8:B4;01:DA:10:78:BD:0D:26:02:EB:8A:8E:FE:8C:F6:58:99:57:39:4D:36:09:71:47:7D:DB:0D:53:26:75:EC:C8:DC;51:63:45:10:9C:42:23:8B:02:F0:25:8B:5D:3A:1A:C6:2A:EC:7A:D3;;
V;Northcott_E;2028-03-21 16:00:00+00:00;2024-12-22 16:00:00+00:00;19BD6A82319A20FC;Key Agreement;CN = Kinsley Northcott, GN = Kinsley, SN = Northcott, C = US;email:northcott@example.com, email:kinsley.northcott@example.com;12:16:16:37:1E:AA:99:E2:93:AA:77:8F:13:BF:56:7A:3D:15:A0:E0:3A:1B:31:69:A2:9D:88:51:36:D4:20:5A;20:53:6E:0A:1B:D8:C3:5A:A0:9E:5D:DB:4A:22:5B:8E:0C:BD:84:F3:DC:F8:28:0E:29:89:BB:15:8D:8B:D9:4D;D7:7D:24:50:CC:F0:C1:D8:AE:88:4B:A3:FC:CB:A7:C9:76:87:F5:9F;;
V;Northcott_S;2028-03-21 16:00:00+00:00;2024-12-22 16:00:00+00:00;3057D85353B06F85;Digital Signature;CN = Kinsley Northcott, GN = Kinsley, SN = Northcott, C = US;email:northcott@example.com, email:kinsley.northcott@example.com;6E:E6:5D:D0:BB:E7:39:DA:0C:30:38:DD:49:ED:34:20:42:96:61:47:34:58:8E:31:A7:B7:23:D9:BB:85:ED:5C;B1:FF:FC:D4:2D:58:41:6A:62:A9:7E:B2:AB:80:35:1A:D6:15:95:07:7A:44:E1:38:51:F1:35:46:39:6B:23:C3;B5:66:2D:D6:A8:B9:9D:D4:FA:6F:13:33:F5:F7:E6:84:CE:85:41:A4;;
V;Marnham_S;2028-08-29 03:00:00+00:00;2025-06-01 03:00:00+00:00;71DAFF2E9BB3CA44;Digital Signature;CN = Madison Marnham, GN = Madison, SN = Marnham, C = US;email:marnham@example.com;A4:BD:19:95:4B:5F:CE:9B:F3:82:1A:E9:38:0A:B3:7B:A3:F5:0F:CC:A9:32:3C:CC:53:3B:2F:94:68:64:96:FD;DA:98:87:94:E4:67:28:B3:1B:25:6A:53:F3:FD:A7:9C:2A:14:B1:AD:1E:19:D8:74:99:C6:6F:1E:E9:54:F2:92;0A:EA:1B:DF:01:20:A2:E4:44:82:1B:6B:AA:B7:6C:AA:E8:0B:96:E0;;
V;Marnham_E;2028-08-29 03:00:00+00:00;2025-06-01 03:00:00+00:00;3004F9655213306F;Key Agreement;CN = Madison Marnham, GN = Madison, SN = Marnham, C = US;email:marnham@example.com;D5:05:B4:82:60:54:20:C6:94:94:BC:2A:73:06:B1:83:0C:0C:A2:98:1A:1D:8D:9E:54:40:AE:59:81:2D:81:B6;1F:AE:A2:DB:C1:44:EA:BF:AF:E8:56:85:31:30:3D:F7:40:02:AF:0E:9F:CC:14:10:5F:01:53:11:D0:EF:91:85;A4:B2:A8:66:51:51:E0:9D:C4:5B:76:C6:DE:C5:C5:E3:23:69:70:F8;;
V;Lawhead_E;2028-10-04 09:00:01+00:00;2025-07-07 09:00:01+00:00;32804669BCDD4576;Key Agreement;CN = Marley Lawhead, GN = Marley, SN = Lawhead, C = US;email:lawhead@example.com;72:79:37:D8:E6:95:3C:B1:05:5A:FE:C2:A9:08:AB:AA:D1:AB:1A:C8:2E:68:C2:80:C3:0B:4E:0A:03:E0:EA:87;00:16:FE:9D:C9:48:9D:58:D4:1C:B3:03:57:9C:EA:CC:F8:73:D3:74:77:4D:FF:3A:1A:1B:8B:D4:A3:67:09:B0;7F:C4:1A:E5:65:B7:12:B1:3D:02:57:17:8B:9C:43:8A:4B:DF:5C:2A;;
V;Lawhead_S;2028-10-04 09:00:01+00:00;2025-07-07 09:00:01+00:00;37A3EBCAD705173E;Digital Signature;CN = Marley Lawhead, GN = Marley, SN = Lawhead, C = US;email:lawhead@example.com;25:F6:4D:BE:D5:BE:66:87:0E:9E:85:30:5E:D3:02:8D:88:2C:95:EC:08:55:89:DF:16:22:74:D4:5C:4E:C6:F0;EB:C4:3C:3E:EB:AA:D2:00:07:FE:AA:CF:14:2A:12:3F:F3:A6:DF:2E:A1:6D:38:4C:2E:C3:8F:30:E2:52:A5:3C;9F:5A:1E:97:A4:2C:D8:52:4A:8E:C8:2D:C9:16:7A:CE:C0:16:04:03;;
V;Jinkins_S;2028-12-24 10:00:01+00:00;2025-09-26 10:00:01+00:00;5989A4C59618B88C;Digital Signature;CN = Peyton Jinkins, GN = Peyton, SN = Jinkins, C = US;email:jinkins@example.com;45:F0:38:FE:69:55:0D:87:06:6D:9F:B6:F4:C4:16:52:CF:F8:9E:59:AD:E5:DF:93:57:4D:C1:E8:BD:99:84:8F;05:8D:35:0D:14:7A:90:2C:4C:F2:8A:04:CB:AD:6F:09:44:AE:C1:35:50:42:6D:1B:AC:9C:8F:B5:67:86:F7:0D;EB:F6:3A:7C:1B:D0:BE:EE:5A:31:24:65:B6:E3:77:BE:52:1D:97:1D;;
V;Jinkins_E;2028-12-24 10:00:01+00:00;2025-09-26 10:00:01+00:00;631B33827B23253D;Key Agreement;CN = Peyton Jinkins, GN = Peyton, SN = Jinkins, C = US;email:jinkins@example.com;E1:E3:F4:72:A6:B5:50:2E:F9:70:74:C3:77:73:1D:39:14:13:41:7A:F1:B7:78:20:4F:3A:29:F4:89:62:AD:D4;B6:AB:A4:31:43:AD:A8:A3:52:BD:17:F2:86:1D:1D:16:20:B6:C5:D0:F0:30:7C:54:C1:47:08:32:43:6D:C4:C0;CC:73:63:03:C4:D5:07:D9:D1:47:DD:F7:22:0E:96:23:DE:4B:DE:95;;
